{
"meta":{"test_sets":[],"test_metrics":[],"learn_metrics":[{"best_value":"Min","name":"Logloss"}],"launch_mode":"Train","parameters":"","iteration_count":100,"learn_sets":["learn"],"name":"experiment"},
"iterations":[
{"learn":[0.5596283233],"iteration":0,"passed_time":0.2081291097,"remaining_time":20.60478186},
{"learn":[0.468513038],"iteration":1,"passed_time":0.2431651698,"remaining_time":11.91509332},
{"learn":[0.4032973888],"iteration":2,"passed_time":0.2781284434,"remaining_time":8.992819671},
{"learn":[0.3343280509],"iteration":3,"passed_time":0.3131626667,"remaining_time":7.515904},
{"learn":[0.278766781],"iteration":4,"passed_time":0.3482459871,"remaining_time":6.616673755},
{"learn":[0.2395831943],"iteration":5,"passed_time":0.3831661819,"remaining_time":6.00293685},
{"learn":[0.1995553994],"iteration":6,"passed_time":0.4185592956,"remaining_time":5.560859213},
{"learn":[0.1701458029],"iteration":7,"passed_time":0.4539586196,"remaining_time":5.220524125},
{"learn":[0.1484530293],"iteration":8,"passed_time":0.4887993682,"remaining_time":4.942304723},
{"learn":[0.1293989023],"iteration":9,"passed_time":0.5239844884,"remaining_time":4.715860396},
{"learn":[0.1129005013],"iteration":10,"passed_time":0.5593440227,"remaining_time":4.525601638},
{"learn":[0.09969971054],"iteration":11,"passed_time":0.5944697115,"remaining_time":4.359444551},
{"learn":[0.08593344734],"iteration":12,"passed_time":0.6294484859,"remaining_time":4.212462944},
{"learn":[0.07729375043],"iteration":13,"passed_time":0.6642976569,"remaining_time":4.080685607},
{"learn":[0.06959677962],"iteration":14,"passed_time":0.7000285439,"remaining_time":3.966828416},
{"learn":[0.06279667886],"iteration":15,"passed_time":0.7350587552,"remaining_time":3.859058465},
{"learn":[0.05570492911],"iteration":16,"passed_time":0.7704216825,"remaining_time":3.761470567},
{"learn":[0.0505030833],"iteration":17,"passed_time":0.8047138632,"remaining_time":3.66591871},
{"learn":[0.04513857686],"iteration":18,"passed_time":0.8401989588,"remaining_time":3.581900824},
{"learn":[0.04171181502],"iteration":19,"passed_time":0.8759979831,"remaining_time":3.503991932},
{"learn":[0.03673285676],"iteration":20,"passed_time":0.9111229324,"remaining_time":3.427557698},
{"learn":[0.03394621027],"iteration":21,"passed_time":0.9450525992,"remaining_time":3.350641034},
{"learn":[0.03196196816],"iteration":22,"passed_time":0.980743174,"remaining_time":3.283357583},
{"learn":[0.02945131962],"iteration":23,"passed_time":1.015674268,"remaining_time":3.216301849},
{"learn":[0.02731815397],"iteration":24,"passed_time":1.051083435,"remaining_time":3.153250306},
{"learn":[0.02522941604],"iteration":25,"passed_time":1.0851842,"remaining_time":3.088601185},
{"learn":[0.02327988936],"iteration":26,"passed_time":1.120771934,"remaining_time":3.030235228},
{"learn":[0.0212232974],"iteration":27,"passed_time":1.155471201,"remaining_time":2.97121166},
{"learn":[0.01951245799],"iteration":28,"passed_time":1.192823485,"remaining_time":2.920360947},
{"learn":[0.01850824002],"iteration":29,"passed_time":1.227916562,"remaining_time":2.865138646},
{"learn":[0.01700948202],"iteration":30,"passed_time":1.26278581,"remaining_time":2.810716803},
{"learn":[0.01623915624],"iteration":31,"passed_time":1.297847999,"remaining_time":2.757926997},
{"learn":[0.01491538878],"iteration":32,"passed_time":1.33291896,"remaining_time":2.706229404},
{"learn":[0.01428088566],"iteration":33,"passed_time":1.367748563,"remaining_time":2.655041328},
{"learn":[0.01319458919],"iteration":34,"passed_time":1.402529158,"remaining_time":2.604697007},
{"learn":[0.01235878098],"iteration":35,"passed_time":1.529306263,"remaining_time":2.71876669},
{"learn":[0.01174860491],"iteration":36,"passed_time":1.564431213,"remaining_time":2.663761254},
{"learn":[0.01130716266],"iteration":37,"passed_time":1.599961153,"remaining_time":2.610462934},
{"learn":[0.01064797842],"iteration":38,"passed_time":1.634750709,"remaining_time":2.556917776},
{"learn":[0.01021414826],"iteration":39,"passed_time":1.669392674,"remaining_time":2.504089012},
{"learn":[0.009733163041],"iteration":40,"passed_time":1.703352078,"remaining_time":2.451165185},
{"learn":[0.009449038465],"iteration":41,"passed_time":1.73939536,"remaining_time":2.402022163},
{"learn":[0.009068980048],"iteration":42,"passed_time":1.774393489,"remaining_time":2.352102997},
{"learn":[0.008786399201],"iteration":43,"passed_time":1.809221432,"remaining_time":2.302645459},
{"learn":[0.008474907179],"iteration":44,"passed_time":1.844529364,"remaining_time":2.254424778},
{"learn":[0.008069533984],"iteration":45,"passed_time":1.87992993,"remaining_time":2.206874265},
{"learn":[0.007743597166],"iteration":46,"passed_time":1.914987312,"remaining_time":2.159453777},
{"learn":[0.007438205158],"iteration":47,"passed_time":1.950079124,"remaining_time":2.112585718},
{"learn":[0.00718460285],"iteration":48,"passed_time":1.987900704,"remaining_time":2.069039509},
{"learn":[0.006996865999],"iteration":49,"passed_time":2.022585181,"remaining_time":2.022585181},
{"learn":[0.00676666582],"iteration":50,"passed_time":2.057435516,"remaining_time":1.97675177},
{"learn":[0.006600836969],"iteration":51,"passed_time":2.093330642,"remaining_time":1.932305208},
{"learn":[0.006473933568],"iteration":52,"passed_time":2.1405018,"remaining_time":1.898180841},
{"learn":[0.006294633548],"iteration":53,"passed_time":2.183502501,"remaining_time":1.860020649},
{"learn":[0.006088045427],"iteration":54,"passed_time":2.220899341,"remaining_time":1.817099461},
{"learn":[0.005883010257],"iteration":55,"passed_time":2.256151839,"remaining_time":1.772690731},
{"learn":[0.005599205806],"iteration":56,"passed_time":2.290721522,"remaining_time":1.728088165},
{"learn":[0.005461296699],"iteration":57,"passed_time":2.32646767,"remaining_time":1.684683485},
{"learn":[0.00532935802],"iteration":58,"passed_time":2.36247643,"remaining_time":1.641720909},
{"learn":[0.005210797424],"iteration":59,"passed_time":2.397507274,"remaining_time":1.598338183},
{"learn":[0.005035475011],"iteration":60,"passed_time":2.433772759,"remaining_time":1.556018649},
{"learn":[0.004950197185],"iteration":61,"passed_time":2.468946946,"remaining_time":1.513225548},
{"learn":[0.004836458125],"iteration":62,"passed_time":2.503574831,"remaining_time":1.470353472},
{"learn":[0.004713029453],"iteration":63,"passed_time":2.538631174,"remaining_time":1.427980035},
{"learn":[0.004607588874],"iteration":64,"passed_time":2.573667486,"remaining_time":1.385820954},
{"learn":[0.004494932053],"iteration":65,"passed_time":2.610312999,"remaining_time":1.344706696},
{"learn":[0.004416692316],"iteration":66,"passed_time":2.645576065,"remaining_time":1.303044927},
{"learn":[0.004328057735],"iteration":67,"passed_time":2.680213836,"remaining_time":1.261277099},
{"learn":[0.004240791882],"iteration":68,"passed_time":2.715700909,"remaining_time":1.22009751},
{"learn":[0.00417664146],"iteration":69,"passed_time":2.750560208,"remaining_time":1.178811518},
{"learn":[0.004094705326],"iteration":70,"passed_time":2.785607349,"remaining_time":1.137783283},
{"learn":[0.004027989168],"iteration":71,"passed_time":2.820414265,"remaining_time":1.09682777},
{"learn":[0.003886359337],"iteration":72,"passed_time":2.855449947,"remaining_time":1.056125323},
{"learn":[0.003775506305],"iteration":73,"passed_time":2.890580322,"remaining_time":1.015609302},
{"learn":[0.003698987124],"iteration":74,"passed_time":2.926060198,"remaining_time":0.9753533995},
{"learn":[0.003602563081],"iteration":75,"passed_time":2.96152897,"remaining_time":0.9352196746},
{"learn":[0.003547055215],"iteration":76,"passed_time":2.998782656,"remaining_time":0.8957402739},
{"learn":[0.003503399779],"iteration":77,"passed_time":3.07156073,"remaining_time":0.8663376418},
{"learn":[0.003459082984],"iteration":78,"passed_time":3.130158851,"remaining_time":0.8320675426},
{"learn":[0.003363969804],"iteration":79,"passed_time":3.191217554,"remaining_time":0.7978043886},
{"learn":[0.003324294796],"iteration":80,"passed_time":3.245401712,"remaining_time":0.7612670682},
{"learn":[0.003244709604],"iteration":81,"passed_time":3.300420968,"remaining_time":0.7244826515},
{"learn":[0.003204720002],"iteration":82,"passed_time":3.353293605,"remaining_time":0.686819172},
{"learn":[0.003141547882],"iteration":83,"passed_time":3.415808188,"remaining_time":0.6506301311},
{"learn":[0.00308531387],"iteration":84,"passed_time":3.471258137,"remaining_time":0.6125749654},
{"learn":[0.003022391495],"iteration":85,"passed_time":3.538131931,"remaining_time":0.5759749656},
{"learn":[0.002960175481],"iteration":86,"passed_time":3.603011998,"remaining_time":0.5383811032},
{"learn":[0.002913655952],"iteration":87,"passed_time":3.66136168,"remaining_time":0.4992765928},
{"learn":[0.002877544111],"iteration":88,"passed_time":3.699782983,"remaining_time":0.4572765484},
{"learn":[0.002832235124],"iteration":89,"passed_time":3.735682556,"remaining_time":0.4150758396},
{"learn":[0.002794677049],"iteration":90,"passed_time":3.77426744,"remaining_time":0.3732791974},
{"learn":[0.002750707065],"iteration":91,"passed_time":3.811578568,"remaining_time":0.3314416146},
{"learn":[0.002677481361],"iteration":92,"passed_time":3.846824468,"remaining_time":0.2895459277},
{"learn":[0.002633890413],"iteration":93,"passed_time":3.884261309,"remaining_time":0.2479315729},
{"learn":[0.002598272279],"iteration":94,"passed_time":3.923204139,"remaining_time":0.2064844284},
{"learn":[0.002547245784],"iteration":95,"passed_time":3.962915416,"remaining_time":0.1651214757},
{"learn":[0.002479581624],"iteration":96,"passed_time":3.979738435,"remaining_time":0.1230846939},
{"learn":[0.002438398227],"iteration":97,"passed_time":4.01783934,"remaining_time":0.08199672123},
{"learn":[0.002386182329],"iteration":98,"passed_time":4.054904265,"remaining_time":0.04095862894},
{"learn":[0.002348217352],"iteration":99,"passed_time":4.090516833,"remaining_time":0}
]}